<?xml version="1.0" encoding="UTF-8"?>
<project-private xmlns="http://www.netbeans.org/ns/project-private/1">
    <editor-bookmarks xmlns="http://www.netbeans.org/ns/editor-bookmarks/2" lastBookmarkId="0"/>
    <open-files xmlns="http://www.netbeans.org/ns/projectui-open-files/2">
        <group>
            <file>file:/C:/Users/abcd/Documents/NetBeansProjects/OnlineQuiz/src/UpQues.java</file>
            <file>file:/C:/Users/abcd/Documents/NetBeansProjects/OnlineQuiz/src/ProjectQuiz/ConnectQ.java</file>
            <file>file:/C:/Users/abcd/Documents/NetBeansProjects/OnlineQuiz/src/AdminForm.java</file>
            <file>file:/C:/Users/abcd/Documents/NetBeansProjects/OnlineQuiz/src/onlinequiz/OnlineQuiz.java</file>
            <file>file:/C:/Users/abcd/Documents/NetBeansProjects/OnlineQuiz/src/Index.java</file>
            <file>file:/C:/Users/abcd/Documents/NetBeansProjects/OnlineQuiz/src/AdminLogin.java</file>
            <file>file:/C:/Users/abcd/Documents/NetBeansProjects/OnlineQuiz/src/AddQues.java</file>
        </group>
    </open-files>
</project-private>
